{"user-id":1600,"activity":"A","timestamp":252207666810782,"x-axis":-0.36476135,"y-axis":8.793503,"z-axis":"1.0550842;"}