{"user-id":1600,"activity":"A","timestamp":252208220704825,"x-axis":0.09291077,"y-axis":6.7061005,"z-axis":"1.8996277;"}