{"user-id":1600,"activity":"A","timestamp":252208573182852,"x-axis":-1.8853912,"y-axis":8.08699,"z-axis":"0.8474426;"}