{"user-id":1600,"activity":"A","timestamp":252208371766837,"x-axis":-0.49697876,"y-axis":18.676529,"z-axis":"0.9373779;"}