{"user-id":1600,"activity":"A","timestamp":252208522828849,"x-axis":-2.8121796,"y-axis":9.1380005,"z-axis":"-0.45043945;"}