{"user-id":1600,"activity":"A","timestamp":252207717164786,"x-axis":-0.8797302,"y-axis":9.768784,"z-axis":"1.0169983;"}