{"user-id":1600,"activity":"A","timestamp":252208623536856,"x-axis":0.88934326,"y-axis":4.5319824,"z-axis":"-0.22895813;"}