{"user-id":1600,"activity":"A","timestamp":252208321412833,"x-axis":0.7523041,"y-axis":9.682709,"z-axis":"3.0008698;"}