{"user-id":1600,"activity":"A","timestamp":252208170350821,"x-axis":-1.1340485,"y-axis":4.538269,"z-axis":"2.2975464;"}