{"user-id":1600,"activity":"A","timestamp":252208472474845,"x-axis":0.5801697,"y-axis":7.5878143,"z-axis":"0.44392395;"}