{"user-id":1600,"activity":"A","timestamp":252208271058829,"x-axis":-1.0363159,"y-axis":15.611984,"z-axis":"2.6415253;"}