{"user-id":1600,"activity":"A","timestamp":252208422120841,"x-axis":-2.359375,"y-axis":10.250824,"z-axis":"-1.7508545;"}