{"user-id":1600,"activity":"A","timestamp":252208875306876,"x-axis":1.6511078,"y-axis":13.003159,"z-axis":"-2.6304626;"}