{"user-id":1600,"activity":"A","timestamp":252208673890860,"x-axis":0.0048217773,"y-axis":7.2174377,"z-axis":"0.3471222;"}