{"user-id":1600,"activity":"A","timestamp":252208925660880,"x-axis":-6.492264,"y-axis":15.142807,"z-axis":"-4.1967316;"}