{"user-id":1600,"activity":"A","timestamp":252208774598868,"x-axis":-1.3717194,"y-axis":11.805405,"z-axis":"2.5853271;"}