{"user-id":1600,"activity":"A","timestamp":252208976014884,"x-axis":-2.3653412,"y-axis":14.497086,"z-axis":"-0.5090637;"}