{"user-id":1600,"activity":"A","timestamp":252209127076895,"x-axis":-2.2570343,"y-axis":2.6841736,"z-axis":"-0.44177246;"}