{"user-id":1600,"activity":"A","timestamp":252207767518790,"x-axis":2.0014954,"y-axis":11.10907,"z-axis":"2.619156;"}