{"user-id":1600,"activity":"A","timestamp":252208824952872,"x-axis":3.6513977,"y-axis":10.278336,"z-axis":"3.7453308;"}