{"user-id":1600,"activity":"A","timestamp":252208724244864,"x-axis":-0.40156555,"y-axis":8.818573,"z-axis":"0.5805359;"}