{"user-id":1600,"activity":"A","timestamp":252209026368888,"x-axis":0.5682068,"y-axis":10.774796,"z-axis":"-1.6243744;"}