{"user-id":1600,"activity":"A","timestamp":252209076722892,"x-axis":0.1408844,"y-axis":6.327484,"z-axis":"-0.5890198;"}