{"user-id":1600,"activity":"A","timestamp":252209529908927,"x-axis":-2.504074,"y-axis":8.181229,"z-axis":"-0.8282013;"}