{"user-id":1600,"activity":"A","timestamp":252207817872794,"x-axis":0.45062256,"y-axis":12.651642,"z-axis":"0.18455505;"}