{"user-id":1600,"activity":"A","timestamp":252209227784903,"x-axis":-0.14053345,"y-axis":5.54245,"z-axis":"2.450531;"}