{"user-id":1600,"activity":"A","timestamp":252209177430899,"x-axis":-2.5901947,"y-axis":3.7238007,"z-axis":"1.4221497;"}