{"user-id":1600,"activity":"A","timestamp":252209278138907,"x-axis":-0.093048096,"y-axis":11.105392,"z-axis":"1.9259796;"}