{"user-id":1600,"activity":"A","timestamp":252209328492911,"x-axis":-3.0816803,"y-axis":17.96025,"z-axis":"6.4721985;"}