{"user-id":1600,"activity":"A","timestamp":252209429200919,"x-axis":-1.6666412,"y-axis":7.324051,"z-axis":"1.2213898;"}