{"user-id":1600,"activity":"A","timestamp":252209378846915,"x-axis":0.50057983,"y-axis":16.245224,"z-axis":"-1.8384705;"}