{"user-id":1600,"activity":"A","timestamp":252209630616934,"x-axis":-0.3136902,"y-axis":5.471634,"z-axis":"-0.12658691;"}