{"user-id":1600,"activity":"A","timestamp":252209479554923,"x-axis":0.85995483,"y-axis":8.953232,"z-axis":"2.8749847;"}