{"user-id":1600,"activity":"A","timestamp":252209580262931,"x-axis":-3.458725,"y-axis":7.9203186,"z-axis":"-0.53718567;"}