{"user-id":1600,"activity":"A","timestamp":252209832032950,"x-axis":3.0590363,"y-axis":11.120392,"z-axis":"2.9900513;"}