{"user-id":1600,"activity":"A","timestamp":252207868226798,"x-axis":-2.1643524,"y-axis":13.928436,"z-axis":"-4.4224854;"}