{"user-id":1600,"activity":"A","timestamp":252210083802970,"x-axis":0.13645935,"y-axis":4.564209,"z-axis":"-0.13917542;"}