{"user-id":1600,"activity":"A","timestamp":252210134156974,"x-axis":-2.172699,"y-axis":3.204422,"z-axis":"0.057388306;"}