{"user-id":1600,"activity":"A","timestamp":252209680970938,"x-axis":0.79541016,"y-axis":5.9292755,"z-axis":"-0.13972473;"}