{"user-id":1600,"activity":"A","timestamp":252209731324942,"x-axis":-0.29496765,"y-axis":8.266602,"z-axis":"0.50408936;"}