{"user-id":1600,"activity":"A","timestamp":252209882386954,"x-axis":-0.85884094,"y-axis":13.88443,"z-axis":"-2.6391144;"}