{"user-id":1600,"activity":"A","timestamp":252209781678946,"x-axis":-1.1681519,"y-axis":11.531845,"z-axis":"2.7651062;"}