{"user-id":1600,"activity":"A","timestamp":252209932740958,"x-axis":-5.2745667,"y-axis":15.338074,"z-axis":"-4.0735626;"}