{"user-id":1600,"activity":"A","timestamp":252209983094962,"x-axis":-2.3806763,"y-axis":14.130188,"z-axis":"-0.27114868;"}