{"user-id":1600,"activity":"A","timestamp":252210033448966,"x-axis":1.5170441,"y-axis":9.865021,"z-axis":"-0.58065796;"}