{"user-id":1600,"activity":"A","timestamp":252210587343009,"x-axis":-1.5778961,"y-axis":6.1477356,"z-axis":"0.41433716;"}