{"user-id":1600,"activity":"A","timestamp":252210184510977,"x-axis":-1.8132629,"y-axis":4.813339,"z-axis":"2.3857117;"}