{"user-id":1600,"activity":"A","timestamp":252210335572989,"x-axis":-3.6832428,"y-axis":18.107956,"z-axis":"3.3124084;"}