{"user-id":1600,"activity":"A","timestamp":252210436280997,"x-axis":-0.05987549,"y-axis":8.4926605,"z-axis":"-1.2915192;"}