{"user-id":1600,"activity":"A","timestamp":252210486635001,"x-axis":-0.94311523,"y-axis":9.317978,"z-axis":"0.45887756;"}