{"user-id":1600,"activity":"A","timestamp":252207918580802,"x-axis":-4.332779,"y-axis":13.361191,"z-axis":"-0.7188721;"}