{"user-id":1600,"activity":"A","timestamp":252210385926993,"x-axis":0.3745575,"y-axis":14.882523,"z-axis":"-3.208435;"}