{"user-id":1600,"activity":"A","timestamp":252210637697013,"x-axis":-0.019592285,"y-axis":5.26503,"z-axis":"-0.35966492;"}