{"user-id":1600,"activity":"A","timestamp":252210234864981,"x-axis":0.51412964,"y-axis":7.8227844,"z-axis":"2.8281097;"}