{"user-id":1600,"activity":"A","timestamp":252210536989005,"x-axis":-2.986435,"y-axis":7.9619904,"z-axis":"0.16313171;"}