{"user-id":1600,"activity":"A","timestamp":252210285218985,"x-axis":-1.78656,"y-axis":13.410919,"z-axis":"3.566269;"}