{"user-id":1600,"activity":"A","timestamp":252210688051017,"x-axis":-0.019897461,"y-axis":7.798828,"z-axis":"-0.095199585;"}