{"user-id":1600,"activity":"A","timestamp":252211040529044,"x-axis":0.7679138,"y-axis":7.3632965,"z-axis":"-0.3050232;"}