{"user-id":1600,"activity":"A","timestamp":252210839113028,"x-axis":0.3924408,"y-axis":12.281372,"z-axis":"-0.30545044;"}