{"user-id":1600,"activity":"A","timestamp":252210889467032,"x-axis":-3.9925232,"y-axis":14.625122,"z-axis":"-4.93573;"}