{"user-id":1600,"activity":"A","timestamp":252210738405020,"x-axis":0.058135986,"y-axis":10.209793,"z-axis":"1.8944855;"}