{"user-id":1600,"activity":"A","timestamp":252211141237052,"x-axis":-2.23732,"y-axis":2.7022247,"z-axis":"0.15597534;"}