{"user-id":1600,"activity":"A","timestamp":252207968934806,"x-axis":-0.31944275,"y-axis":13.318359,"z-axis":"-0.23202515;"}