{"user-id":1600,"activity":"A","timestamp":252210990175040,"x-axis":-0.34283447,"y-axis":12.458115,"z-axis":"-0.50730896;"}