{"user-id":1600,"activity":"A","timestamp":252210788759024,"x-axis":0.8058319,"y-axis":10.359772,"z-axis":"3.8279877;"}