{"user-id":1600,"activity":"A","timestamp":252211090883048,"x-axis":-0.46720886,"y-axis":2.8192444,"z-axis":"-0.74923706;"}