{"user-id":1600,"activity":"A","timestamp":252210939821036,"x-axis":-4.0758667,"y-axis":14.620773,"z-axis":"-2.5863495;"}