{"user-id":1600,"activity":"A","timestamp":252211493715079,"x-axis":-2.8299103,"y-axis":8.635773,"z-axis":"-0.9124603;"}