{"user-id":1600,"activity":"A","timestamp":252211342653067,"x-axis":-4.38501,"y-axis":15.069595,"z-axis":"1.6982269;"}