{"user-id":1600,"activity":"A","timestamp":252211544069083,"x-axis":-4.005768,"y-axis":7.5156097,"z-axis":"0.17929077;"}