{"user-id":1600,"activity":"A","timestamp":252211393007071,"x-axis":-3.3600311,"y-axis":12.750702,"z-axis":"-0.30786133;"}