{"user-id":1600,"activity":"A","timestamp":252211644777091,"x-axis":1.4026489,"y-axis":6.004471,"z-axis":"0.05848694;"}