{"user-id":1600,"activity":"A","timestamp":252211594423087,"x-axis":-1.6379852,"y-axis":4.747345,"z-axis":"0.018661499;"}