{"user-id":1600,"activity":"A","timestamp":252211241945059,"x-axis":-0.45767212,"y-axis":12.173721,"z-axis":"2.2596283;"}