{"user-id":1600,"activity":"A","timestamp":252208019288809,"x-axis":1.566452,"y-axis":9.515274,"z-axis":"-0.01777649;"}