{"user-id":1600,"activity":"A","timestamp":252211443361075,"x-axis":0.11109924,"y-axis":8.382492,"z-axis":"-0.92041016;"}