{"user-id":1600,"activity":"A","timestamp":252211191591056,"x-axis":-1.9308167,"y-axis":6.462158,"z-axis":"2.4403076;"}