{"user-id":1600,"activity":"A","timestamp":252211292299063,"x-axis":-0.8964386,"y-axis":10.782166,"z-axis":"3.548706;"}