{"user-id":1600,"activity":"A","timestamp":252211896547110,"x-axis":-5.550171,"y-axis":15.081116,"z-axis":"-4.2319794;"}