{"user-id":1600,"activity":"A","timestamp":252211795839102,"x-axis":1.3414612,"y-axis":10.808838,"z-axis":"3.188797;"}