{"user-id":1600,"activity":"A","timestamp":252211745485099,"x-axis":-0.46896362,"y-axis":11.344849,"z-axis":"1.8815918;"}