{"user-id":1600,"activity":"A","timestamp":252208069642813,"x-axis":-0.32374573,"y-axis":5.262665,"z-axis":"0.32234192;"}