{"user-id":1600,"activity":"A","timestamp":252211695131095,"x-axis":-0.12463379,"y-axis":8.899155,"z-axis":"0.6542053;"}