{"user-id":1600,"activity":"A","timestamp":252211846193106,"x-axis":0.339859,"y-axis":14.034363,"z-axis":"-4.3385468;"}