{"user-id":1600,"activity":"A","timestamp":252208119996817,"x-axis":-1.811676,"y-axis":3.7105103,"z-axis":"1.3739319;"}